{"visualization/kde":{"size":22993,"path":"media/images/visualization/kde_0_cd78d4a919ae5f22d613.png","format":"png","width":1600,"height":1600,"_type":"image-file","sha256":"cd78d4a919ae5f22d6134f3567e900b10faa60a3cb122247fbd79eeaa266494c"},"Median_L2":0.12540505762909335,"visualization/contour":{"width":1600,"height":1600,"_type":"image-file","sha256":"6aa9bca7ede4506a803ba402347d414e146df2e8ef1b4dfa00dbbf70ed9315f9","size":2570556,"path":"media/images/visualization/contour_0_6aa9bca7ede4506a803b.png","format":"png"},"eval/log_Z_learned":-0.9525275230407715,"1-Wasserstein":2.8051581149145535,"_step":100,"Median_L1":0.11817362904548645,"eval/mean_log_likelihood":-6.685293197631836,"_runtime":31.215189613,"Linear_MMD":0.2158711552619934,"_wandb":{"runtime":31},"eval/log_Z":0.05663919448852539,"Median_MSE":0.015726428478956223,"eval/log_Z_lb":-4.312225818634033,"Poly_MMD":276.4940185546875,"Mean_L1":0.1785438358783722,"train/loss":13.221240997314453,"_timestamp":1.7403702110293055e+09,"2-Wasserstein":3.207079313337384,"Mean_MSE":0.042716383934020996,"Mean_L2":0.20667942310259382,"visualization/kde_overlay":{"height":1600,"_type":"image-file","sha256":"31ea0dbbb767d8454019acb2ae9e701e10b8b41c9498c5cd9b7a196feb51ace3","size":163853,"path":"media/images/visualization/kde_overlay_0_31ea0dbbb767d8454019.png","format":"png","width":1600},"RBF_MMD":0.12453055381774902}